Device_ID,Device_Type,Application_Type,Signal_Strength_RSSI,Latency_ms,Jitter_ms,Packet_Loss_Rate,Bandwidth_Usage_MBps,Priority_Score,Time_of_Day,Traffic_Spike,Buffer_Occupancy
4,Smartphone,YouTube Streaming,-47.06118507358126,44.14021959218205,5.073044924529613,0.04575753322504318,4.322774447008609,2,Evening,0,0.9958023677799186
3,Smartphone,Netflix Streaming,-49.42424100487708,25.515551272438643,5.7521413984345156,0.04753858553554824,5.291242140091213,3,Afternoon,0,0.2888099699540896
5,Smartphone,Netflix Streaming,-53.710098707784894,49.118765188945275,6.790573482749324,0.0783000231347202,5.766651866579705,3,Night,1,0.14926801266924727
1,Smart TV,YouTube Streaming,-56.52327697903712,29.490888174451463,1.593039740476856,0.07501532294315126,9.301844316081938,1,Evening,1,0.24099625799591795
5,Smartphone,Video Conference,-42.97728312994562,19.47759326811567,4.2065519362367745,0.018697356723953375,4.203536581906692,5,Afternoon,0,0.9361255715401346
1,Laptop,Video Conference,-58.027717033205406,31.77790129284103,5.750107199580755,0.04431441082278589,3.3432337984000755,5,Evening,0,0.5201602230243957
2,Tablet,Video Conference,-47.48092152205223,15.811260092031201,4.338363731446385,0.007568558563163747,2.884305793891463,5,Evening,1,0.3648180963078569
1,Smart TV,Netflix Streaming,-60.76939622355786,31.639260138499637,6.459646558512051,0.02553533502289015,8.018241439003752,1,Evening,0,0.8733914579092193
4,Tablet,Netflix Streaming,-46.463941584938084,37.31648015483983,8.88569234346546,0.08279764635022516,7.156915568681363,2,Afternoon,1,0.39499027054903246
3,Smart TV,Netflix Streaming,-45.14850556369969,45.97842360888272,9.220697959828586,0.037799403862615315,7.1074750265997375,3,Evening,0,0.3350085699576958
2,Smartphone,Video Conference,-44.52608144180043,16.963272006172726,4.578037507053098,0.009122902032624502,2.7994021850690682,5,Morning,0,0.20728252254973556
1,Smartphone,Netflix Streaming,-50.80604234284934,28.083824301810992,5.867186514075029,0.04662532815278354,8.277305250945705,3,Night,1,0.3777968239094115
5,Tablet,Netflix Streaming,-42.07998197218152,23.734531877162027,5.841599684557353,0.07919356229637642,6.047240702959842,2,Evening,0,0.316684356016926
2,Smart TV,YouTube Streaming,-38.46104152501966,30.318172086909556,6.55005340142337,0.0402307041382372,5.587173932081901,1,Morning,0,0.677303959298141
2,Laptop,Video Conference,-51.608115680229815,21.872181629772868,2.5116201787369987,0.03630556296723185,3.835821068724858,5,Evening,0,0.2895827046707271
1,Laptop,Video Conference,-52.25502515064964,20.175739407122542,2.3105221752164287,0.018348070350360023,4.045311430103959,5,Night,0,0.5771997464225614
2,Smartphone,YouTube Streaming,-49.25411369827532,47.440538958621865,6.761475052819504,0.07190756205108118,7.855204751944766,2,Night,0,0.0658921650319727
5,Smart TV,YouTube Streaming,-52.38840072947104,26.766407954215772,7.5471876326789,0.05475178840599945,10.052284088803932,2,Afternoon,1,0.19128915669651436
2,Tablet,YouTube Streaming,-53.119350980050605,41.287158608003054,5.190216147904267,0.09437781113683691,5.2404351768011,1,Morning,1,0.40740527161134876
5,Laptop,YouTube Streaming,-52.68369270120755,22.7351791019151,5.063783423341764,0.025089031653410476,8.175558869617937,3,Evening,0,0.9369492539086954
1,Smartphone,Netflix Streaming,-41.421219959968774,52.71095899310554,6.683472237192019,0.010056273208344436,9.83009996533878,3,Morning,0,0.3772519857156954
3,Smartphone,Video Conference,-46.14059002482284,24.701608102704398,3.2562577920429345,0.000340734895006406,2.2832911710829786,5,Night,0,0.6640741211998341
2,Tablet,YouTube Streaming,-52.40473063629045,40.91021556559876,7.867770960003286,0.0616712707646776,9.443161790235306,2,Morning,0,0.25508722242139814
3,Smart TV,YouTube Streaming,-62.27562512861143,54.912526016435216,8.343773149903111,0.0860798936915495,7.425455015769075,1,Afternoon,0,0.12703357597323173
5,Smart TV,YouTube Streaming,-57.72232246803234,38.557929749276624,4.801874358856702,0.03461968866803277,8.341656158847274,3,Afternoon,1,0.05853660008005013
2,Smartphone,Netflix Streaming,-47.48285458699061,42.68517114149556,5.375830136112871,0.06537867511244616,8.881569864684353,3,Afternoon,0,0.30541349854275135
4,Smartphone,Video Conference,-60.607779706944086,14.378537028970847,1.74466388431384,0.03975290088030656,1.9239572205513538,5,Evening,1,0.15766102679690797
3,Laptop,YouTube Streaming,-48.535032362740225,36.797184530984495,9.824894803182843,0.061721958299445816,11.981352034379999,1,Afternoon,0,0.1740104480161242
2,Laptop,YouTube Streaming,-55.327818624325126,19.476225384149387,6.759458819594929,0.0884807947030651,9.155160360663844,2,Morning,0,0.76075930838695
3,Smart TV,Video Conference,-49.54097112709663,18.69543866941435,3.2853448404432517,0.00715806789055965,3.532411316043031,5,Afternoon,0,0.015838070944874216
2,Smart TV,Netflix Streaming,-49.68071849332929,30.281404055665362,7.115548728027026,0.04042416421070392,10.142047892721536,1,Evening,0,0.5578101257354344
1,Tablet,Video Conference,-49.39705033054645,16.553854648915717,3.6556039128734263,0.032078428334249724,2.3947584900748176,5,Morning,0,0.3794613805934648
3,Tablet,Video Conference,-51.9721092353926,18.487665808963243,3.3792808718226492,0.0012784899544867334,1.8026022876459549,5,Evening,1,0.5065499999085472
4,Smartphone,Netflix Streaming,-52.13642812803866,40.6628087971737,7.822053309637456,0.0564639857896202,8.375829422383834,1,Evening,0,0.5628302372146029
4,Smart TV,Netflix Streaming,-53.60395209468219,36.50134634006218,7.079181059555898,0.05166275918542754,6.540449433651274,1,Evening,1,0.3133676944572782
5,Tablet,Netflix Streaming,-47.58053841379055,41.35729536157309,4.7894871576988685,0.0284600382304681,8.029638463125927,3,Night,0,0.2951088601842853
2,Smart TV,YouTube Streaming,-45.974036626095256,27.931428659398037,4.67613501668751,0.05172094276935294,5.987666175169737,1,Night,1,0.7334018493349057
3,Laptop,Video Conference,-56.09486261268063,25.329304993808186,0.9262538128134628,0.00412029859309741,4.802660951175434,5,Night,0,0.8712769881211572
5,Smartphone,Netflix Streaming,-50.258142361461346,43.490854504508704,5.60001641285634,0.06851745132777806,6.294915513881949,2,Afternoon,1,0.19258163245852788
3,Laptop,YouTube Streaming,-49.01708963256131,52.727911764367164,4.865111308906896,0.02900440281779866,8.145763065941749,3,Morning,0,0.09761876053514895
2,Tablet,Video Conference,-49.08114432688479,15.129818884410614,4.630667777237565,0.027296176665450003,5.514438636617342,5,Afternoon,1,0.8977958063920259
4,Smartphone,YouTube Streaming,-49.16615190201741,39.32976682727731,6.5671439434482215,0.026520853699682913,6.288961590847292,2,Night,1,0.34989546364739865
1,Laptop,Video Conference,-52.010174051726125,27.912969827407963,4.319860670665481,0.04356576236234268,4.10835508351264,5,Night,0,0.5513173906628142
4,Smartphone,Netflix Streaming,-48.6048478726873,54.815791648151915,5.992161057251474,0.009564069602371595,5.5786340283862454,2,Night,0,0.35954314452000347
5,Smartphone,YouTube Streaming,-46.9098564450819,28.291639632665053,4.984798610679938,0.0419136174442055,6.160955067721099,2,Morning,0,0.1258023363460513
1,Smartphone,Netflix Streaming,-49.29481672088718,41.29699852712584,5.054158228017506,0.01132996043982677,10.898313206792903,1,Night,1,0.589331644947728
5,Laptop,YouTube Streaming,-47.47030081733138,42.683429494861464,9.425945458452375,0.017191255772710436,8.095242039924992,1,Afternoon,0,0.5251408517696297
2,Smartphone,YouTube Streaming,-45.04823294481246,49.478614360767445,4.496484627276516,0.05473246843394861,7.6527561094307135,1,Morning,0,0.20299355919119721
1,Smartphone,YouTube Streaming,-59.25470178947634,23.628586194637776,7.72636459658254,0.016459927369957474,8.470559979815654,1,Afternoon,0,0.45186904465227784
5,Smart TV,Video Conference,-45.28268079067316,12.4193208994839,1.7136658533170517,0.002688615583099169,3.5657736996720635,5,Morning,0,0.7969475040156458
2,Smartphone,Netflix Streaming,-48.287861173893624,35.21382211104706,6.757449048328662,0.03173888500278852,7.338303742852355,3,Evening,1,0.5904261031078913
4,Smart TV,Netflix Streaming,-55.558126638693636,38.77727662321635,10.535658116810357,0.022031909862196754,8.005322316253103,3,Afternoon,0,0.09691732706699485
2,Smartphone,Netflix Streaming,-45.987645588401556,46.228639537338076,8.003437986055399,0.05153051879943768,10.462761872358865,2,Afternoon,0,0.5480214972291351
3,Smartphone,Netflix Streaming,-51.99160453011981,40.17543775812271,10.685806096609301,0.010236708458320932,4.659165721397198,2,Evening,1,0.7027382992895869
2,Smart TV,YouTube Streaming,-51.30983218159277,33.48586769889716,5.697871996170255,0.07517707876829782,11.52598063075154,3,Night,0,0.7927034057807514
2,Smartphone,Netflix Streaming,-52.53839891232831,39.164614447561405,5.732109180213163,0.09062335194351387,7.750704523349913,3,Evening,0,0.6291175786342668
3,Laptop,Video Conference,-48.488005778808876,17.3635702787989,2.3585412345685945,0.0002569813792780151,3.7062580369103024,5,Afternoon,0,0.15265816454078374
5,Laptop,Video Conference,-53.92676571256027,17.438351627888483,3.4550140613820957,0.02227047605528934,2.4999485490254476,5,Night,0,0.7101732665901607
5,Smart TV,Video Conference,-45.49262685026107,18.712298899691255,2.8106048592527864,0.004212768870898565,3.981121188012514,5,Night,0,0.6773418460815164
2,Smartphone,YouTube Streaming,-50.69431293597336,31.169165864474362,7.683400767261874,0.06949183797815076,5.305581039862949,1,Morning,1,0.02442688294063322
3,Smart TV,YouTube Streaming,-51.82101241743969,39.49609030071829,4.910851560286568,0.0010551122450189853,6.879752909813803,3,Evening,0,0.41174766759024317
3,Laptop,YouTube Streaming,-46.23562161193015,36.98485319338532,3.5263671829119487,0.03940901527745031,7.500193878244404,2,Afternoon,0,0.3329502469623733
4,Laptop,Netflix Streaming,-51.597783811595406,19.29006644325328,6.843522815313471,0.08509518994068001,10.28735147880965,3,Morning,0,0.6694120642536434
5,Laptop,YouTube Streaming,-45.25911587318849,34.84347938377831,6.8217537409335325,0.03458588579752693,10.036906918527947,1,Evening,0,0.21613581231092072
1,Smartphone,YouTube Streaming,-45.10203524579567,33.99261754593995,7.627531846616775,0.00352151735255235,6.714015219762082,1,Night,1,0.5908719229742585
5,Smartphone,YouTube Streaming,-56.674019191094885,29.56128134220684,9.421381147511806,0.07461796385522723,7.574633659558156,3,Morning,0,0.9132059618141724
5,Smartphone,Video Conference,-44.45369898888538,13.855997907239313,3.0679909075811667,0.04932815570572052,2.3072983633716215,5,Night,0,0.7978023722086077
4,Smartphone,Netflix Streaming,-57.310179857509425,27.14320403388004,5.8421979353271345,0.016059369504330855,3.92180897351256,2,Night,0,0.9214577362165304
1,Tablet,Video Conference,-44.142097365587446,12.171640634858914,2.560521459816189,0.00409828673218311,0.8559598743253307,5,Night,0,0.97850596693269
4,Smartphone,Netflix Streaming,-39.85821403884881,33.52143000156269,4.531757729981859,0.01919554389957258,10.246194722651621,2,Afternoon,0,0.010670127006162766
1,Smartphone,Netflix Streaming,-45.62582780865434,36.07695005646782,5.526396589357243,0.07192344190441467,9.56016144444292,2,Night,0,0.6227412763774776
2,Smart TV,Video Conference,-60.78490322349836,20.914034546026684,3.2752212887578303,0.03191752887102159,1.3540761535539834,5,Afternoon,0,0.41283939775890643
1,Smartphone,Video Conference,-44.68217140306991,19.529486757702415,3.7438766245146384,0.015357282405210577,4.089009324546451,5,Evening,1,0.8598544903351217
4,Smartphone,Netflix Streaming,-38.76935517031994,36.91660891734783,5.3980648062080405,0.08449708536401014,6.576680845217709,3,Morning,0,0.2518147020091317
5,Smart TV,Netflix Streaming,-51.51515820499014,57.88947489713207,7.560783942226629,0.04763223522069043,6.284357943642757,2,Morning,1,0.9810294891150761
1,Tablet,Netflix Streaming,-50.17351660014945,19.432366541212758,7.724080291718104,0.06697544512182478,7.668003258758875,2,Evening,1,0.6137079695437473
1,Laptop,Netflix Streaming,-55.94243360963216,34.42392036284495,7.286687765191779,0.040237305072246765,7.541892886735768,2,Afternoon,0,0.793537402228831
3,Tablet,Video Conference,-48.43960290590165,16.860417387009587,1.840245552897867,0.009726751658424205,4.024947556163763,5,Afternoon,0,0.08559955282276832
5,Smartphone,YouTube Streaming,-43.654114087284356,38.016192479535974,7.935653450471916,0.06254780604246614,8.698433615797088,2,Morning,0,0.18345788475886504
2,Laptop,Video Conference,-46.51131435925273,17.28765966646902,4.099377388182451,0.033832231740992376,2.9960188505063,5,Evening,0,0.7584036730342032
4,Smartphone,Netflix Streaming,-34.290165113561,11.243339889073841,7.491793653825809,0.0372999835566863,6.542353801814107,3,Morning,1,0.02198652203932361
2,Tablet,Netflix Streaming,-49.834864785171014,40.982493746299504,1.0938497986974607,0.020903703738592228,8.608556783265062,1,Night,0,0.8168779858937828
5,Smartphone,YouTube Streaming,-58.15336683707632,27.383117937664014,9.481759144093806,0.06957949669407455,10.24857073666104,3,Morning,0,0.013949018691911452
1,Smartphone,Video Conference,-49.1451451421589,25.86863498871294,1.8910033067890764,0.015393706263718372,3.690266399172919,5,Morning,0,0.6571188390612733
1,Smartphone,YouTube Streaming,-62.08225882606245,34.70565269090509,11.531425380991385,0.09955109680158664,8.981324313219718,3,Afternoon,0,0.36509392023180587
5,Laptop,YouTube Streaming,-52.66551962432257,57.78333029161633,7.232726902731921,0.04502768104415908,8.922535886818713,3,Afternoon,0,0.6114948527191991
1,Laptop,Netflix Streaming,-41.87808970699894,40.46695323765876,3.630598612028349,0.025253038963644447,7.519722171951377,3,Afternoon,1,0.6960314069891137
1,Laptop,Netflix Streaming,-48.374331756841144,33.87376170737214,2.870605020082495,0.04428293703843242,10.059425791070318,2,Afternoon,0,0.3424752191863042
1,Laptop,Netflix Streaming,-49.102915935843654,19.903072407464457,10.079481525351756,0.08472694099627238,5.859297097320425,1,Night,1,0.10796244811083555
4,Laptop,YouTube Streaming,-40.89609811642322,36.21146901849897,9.211809971834544,0.02060056785520399,9.827700286816329,1,Evening,0,0.06964586774826564
4,Laptop,Video Conference,-51.35299945831685,22.418863704759225,2.161058747919698,0.023439494025339548,3.452053758084225,5,Morning,0,0.5889360225625478
3,Smartphone,Netflix Streaming,-43.69089793532946,34.194481081807766,7.021848971147111,0.0341865768798151,10.98187365440346,3,Afternoon,0,0.5206553537341115
2,Laptop,Netflix Streaming,-49.353465124168295,29.94343640062559,6.886940233240639,0.0985803659450305,9.176412814080148,1,Night,0,0.7422010091211325
5,Smartphone,YouTube Streaming,-48.09976268270487,29.274133361536812,6.234562415682885,0.08386088875339623,7.8642675378538,2,Afternoon,0,0.5097355100039371
5,Smart TV,Netflix Streaming,-56.086524279315064,40.35141435455321,5.683419517481559,0.08085705341473903,7.527024702191453,2,Morning,1,0.4224457900308791
5,Smartphone,YouTube Streaming,-52.410233974141086,42.59387939309157,6.215140891084369,0.03179046737732836,9.051225708896874,1,Evening,1,0.39808717823623085
3,Smartphone,YouTube Streaming,-56.98759116421937,48.612101153211185,7.434926664648059,0.0008777211947929465,8.95424869537211,1,Evening,0,0.026446902597667465
4,Laptop,YouTube Streaming,-50.476225391126725,25.05000106789642,5.312198426175796,0.03821329088259878,7.203313990998945,3,Evening,0,0.33555720169665715
3,Laptop,Video Conference,-48.047988280418664,20.34889606749399,2.487592912840303,0.016305392625628672,2.7835955790401354,5,Morning,0,0.9760201575244942
5,Laptop,Video Conference,-55.55019052545726,25.210097415814687,5.220018734423263,0.0035457979743989624,3.2702062912383116,5,Morning,1,0.8735555762270888
2,Laptop,Video Conference,-39.75410538657589,17.714808320688014,2.698963889879096,0.017489803090379598,1.6748126958430007,5,Evening,0,0.3293780670342177
1,Laptop,Netflix Streaming,-48.6094699045402,39.018258540340014,0.521124550119862,0.04030313112827366,9.451756441107426,2,Afternoon,1,0.5877954050663722
4,Laptop,YouTube Streaming,-49.7110220720739,39.076562536249476,8.105134781314021,0.06345564677415248,9.042429156718708,3,Evening,0,0.847296745535494
4,Laptop,YouTube Streaming,-46.151711243271876,40.287681057915734,4.783881923765943,0.062118632219408325,10.37329495112298,3,Evening,0,0.44127433675006866
3,Laptop,Netflix Streaming,-54.14464040432961,24.425288078041902,8.32357890938147,0.012074663589668012,6.568692597393524,2,Afternoon,1,0.01795786375015096
4,Smartphone,YouTube Streaming,-49.182612604162735,27.501885928335412,8.275696213031964,0.09769655461266226,8.011432172185781,3,Night,0,0.07451046181864007
5,Laptop,YouTube Streaming,-53.58433110178795,49.858682755176844,7.567180023045665,0.018693142944144692,8.410136752009791,2,Night,0,0.5103927213487066
5,Smartphone,Netflix Streaming,-42.20660044955508,32.7942753251916,11.993635680712991,0.04452740247647046,9.47759303440047,3,Evening,0,0.9694393756758783
3,Smartphone,YouTube Streaming,-55.29319674698541,38.060143980178964,6.723896300055245,0.048811754343373495,8.858233858322,1,Morning,0,0.6932095422188678
5,Smartphone,Video Conference,-49.684172703464135,30.074392805621066,3.153440975954272,0.04977370761734072,4.026256426270985,5,Morning,0,0.07091619143856953
2,Laptop,YouTube Streaming,-48.35342107424112,39.63443072360819,8.367344842833834,0.009922959609464677,8.582088065723292,1,Afternoon,0,0.18936087579186278
3,Smart TV,Video Conference,-48.02587127796149,22.567477384605077,3.0540768198469714,0.01107586360565529,5.692378587646971,5,Morning,1,0.77132314321685
2,Smartphone,Netflix Streaming,-52.90617586541416,43.94577679243757,9.320987074788018,0.0628502170236204,9.22351515192263,1,Night,0,0.8414397599562448
1,Laptop,Netflix Streaming,-54.47754701072549,13.83336239103,4.4623881848489555,0.021515562162405556,11.2760938890732,1,Morning,1,0.6176945861885909
2,Smart TV,Netflix Streaming,-52.83397586523049,30.100498448394653,4.49565110507132,0.06274678987660728,10.086122754589624,1,Afternoon,0,0.6444231696298166
1,Tablet,Netflix Streaming,-47.35837282894859,39.68605796499592,8.531618982652436,0.09236648375496527,10.72480387087682,2,Afternoon,0,0.028337450383384644
1,Laptop,Netflix Streaming,-50.719228854559816,48.87644307057657,4.670378121322793,0.0997518131172675,8.61993732196941,2,Evening,0,0.8285302595815085
2,Laptop,Video Conference,-46.01895595773739,22.519092092200907,2.610837682914033,0.023129677355257658,3.4966153829673563,5,Morning,0,0.7882752081708296
3,Smart TV,Netflix Streaming,-47.614981403024636,26.552835382439046,7.740005692420731,0.02355882282446775,8.51103551328275,1,Afternoon,0,0.25903514410334716
5,Smart TV,YouTube Streaming,-61.38456349049804,26.819139503894977,5.611023427944674,0.031030711579169746,8.008681730099045,3,Afternoon,1,0.708676719965507
5,Laptop,Netflix Streaming,-48.76251101581394,43.83861203453074,7.734340320466868,0.039912610044496616,9.48438996013821,2,Night,0,0.2148546064249981
1,Laptop,Netflix Streaming,-38.747726160918646,32.822264176081134,4.530815108431521,0.02422571575847674,6.957996121985598,3,Morning,0,0.04033016105151299
1,Smartphone,YouTube Streaming,-43.37365474480834,34.927999542096636,5.000200147472599,0.020348799455531252,11.770764632029266,3,Night,0,0.20113654259037728
3,Smartphone,Video Conference,-47.889934196465155,17.421679830788943,2.599290692516927,0.023700313297422254,2.1034348225957222,5,Night,1,0.1786288767542995
4,Smartphone,YouTube Streaming,-55.29696065234972,5.984763173064209,7.157855638144442,0.09185216027705179,9.622776239834318,1,Afternoon,1,0.33774799673484723
2,Smartphone,YouTube Streaming,-47.61223141937177,55.00367511508081,6.392722926024285,0.004699250100311747,10.757342834607178,1,Evening,0,0.4184494971754581
1,Smartphone,Netflix Streaming,-46.30125030060871,27.689261649489385,7.866231927746222,0.033881302160484815,7.646756492079193,2,Morning,0,0.5085388914977079
5,Smart TV,Netflix Streaming,-51.26873340413792,37.419363694735715,7.776932830096582,0.04051485536784066,5.774045377723672,1,Night,0,0.47675387550832815
3,Laptop,Video Conference,-48.41628970597781,18.103350400808356,3.4386622063510845,0.02053546226958331,2.7723707385151974,5,Evening,0,0.27067460596528936
2,Laptop,YouTube Streaming,-42.4516877080198,30.774588895949623,6.809429305709991,0.06288728969881756,8.40679062010051,2,Afternoon,0,0.029170668574074465
3,Smart TV,YouTube Streaming,-54.286372098708625,47.44688046365097,9.389126862368258,0.06403807466442411,9.626632145203487,2,Afternoon,0,0.6051016222371507
2,Smart TV,YouTube Streaming,-55.29149802479564,15.838328203341213,8.841451025787787,0.08505042283285971,7.781090802325365,2,Morning,0,0.3957448298473544
2,Smartphone,Video Conference,-46.53650337002894,15.24074762662688,3.4446193724014122,0.03367732890656954,2.985660290026842,5,Night,0,0.2986721573875497
1,Smartphone,YouTube Streaming,-47.7122868190096,32.26303903767616,6.745483960195451,0.054257332696595564,3.7659838955873033,2,Morning,0,0.8669410428305123
3,Laptop,Netflix Streaming,-44.855808522935945,39.871644402201916,6.1592825570940235,0.06535867700444199,8.752355102567469,1,Evening,1,0.7467433077981598
3,Smartphone,YouTube Streaming,-47.15103094048115,41.575244134851104,9.515388444487467,0.02739887815430181,10.683498967503196,1,Afternoon,1,0.8577655483724422
5,Smartphone,YouTube Streaming,-52.83877531587097,39.41421499490926,7.770865143482524,0.05930561899673577,8.210678089658792,2,Night,0,0.494982794712461
5,Laptop,Netflix Streaming,-47.839036742672974,26.350493483691736,9.5633184335678,0.04892272547499193,8.604717386033823,1,Afternoon,0,0.13093125212677748
1,Laptop,YouTube Streaming,-55.710632716480866,31.354508534649764,8.433597595979,0.01333444673163704,7.1319763748659835,3,Evening,0,0.6962214361212724
1,Smartphone,Netflix Streaming,-51.25159355866497,20.38443822749184,2.7864758172010085,0.024254427658297075,8.041377015733236,1,Afternoon,0,0.20607377993717524
4,Laptop,Netflix Streaming,-47.48600384516798,39.9179633158808,7.752643554062366,0.029169345072158605,4.656286773727389,1,Evening,1,0.4412296690917168
5,Smartphone,YouTube Streaming,-51.80257108361945,52.02055154015926,7.622431795902979,0.0924309567052558,6.563137334760617,2,Morning,0,0.0650007889488885
2,Laptop,YouTube Streaming,-37.65973908885087,16.755591133235374,7.266213804927926,0.023038663938588944,6.426489745795544,2,Morning,1,0.8253084024229824
3,Smartphone,YouTube Streaming,-59.46092124411834,27.383540938619646,6.735513891753234,0.02892439028196682,9.338247982058597,1,Afternoon,1,0.12594064104750058
1,Laptop,YouTube Streaming,-52.73745178499405,33.182247241170664,3.8157129444113442,0.03693541300894323,6.857260481424531,2,Evening,0,0.9030975070493097
3,Smart TV,Video Conference,-54.688899169349554,31.172394506746546,4.643690495252239,0.02393524289827613,2.9207033424715534,5,Morning,0,0.8642306022615571
3,Smartphone,Netflix Streaming,-53.50174403728977,43.79176301434426,7.747536856186989,0.011823839247214052,7.244153279429721,3,Evening,0,0.46458276443924607
4,Smartphone,YouTube Streaming,-53.214991117404395,33.47800019642333,9.20391339479485,0.09539452124937761,6.502710594969365,2,Afternoon,0,0.7443682043039906
5,Smart TV,Video Conference,-56.63210343429497,18.09811972890205,1.9869704903898502,0.02769117203168628,2.6275138784946455,5,Night,0,0.6194450738181533
1,Smartphone,YouTube Streaming,-46.23648925713687,46.03130706069741,8.014268979090536,0.05772160730089502,8.755262938865819,3,Night,0,0.8030756423377449
3,Laptop,Netflix Streaming,-52.735476486935504,41.619955670633054,6.530681324906874,0.06740378674249568,9.650037159443519,3,Evening,1,0.43180510078591205
1,Smartphone,YouTube Streaming,-49.18213332205673,40.389779757010984,7.287576019851059,0.0016660471244215993,9.305500164575886,1,Afternoon,0,0.78580848424435
2,Smartphone,Video Conference,-52.17412880955123,20.429201983632517,2.7459438018211477,0.037642432794110316,3.647325611462225,5,Afternoon,0,0.46245681706514796
4,Smart TV,YouTube Streaming,-53.45440206143105,44.83152210919859,8.08721585496026,0.0795660230661442,7.342063332005113,3,Morning,0,0.9409657878427938
2,Smartphone,Netflix Streaming,-41.63860381956575,28.436906087697334,6.674253758016841,0.00774829737923859,7.213792499324242,1,Afternoon,0,0.4863721008251476
1,Laptop,YouTube Streaming,-45.38533908895296,27.07305717813922,4.896170149888622,0.028231383421072023,6.2575779953030874,1,Evening,0,0.46261927193372954
1,Laptop,Netflix Streaming,-59.34100199977573,42.46100986869324,7.1728508375723825,0.05852968283343113,6.221512622211797,3,Evening,1,0.7850718615635127
5,Smartphone,Netflix Streaming,-59.870687241679434,18.749640307530917,6.571650925728999,0.02564130276989418,8.38852281935852,2,Night,0,0.821577691760838
3,Smartphone,YouTube Streaming,-44.786955821817564,35.921795096364875,6.833212757742233,0.09339779741445192,6.561167918439838,3,Afternoon,0,0.5544891143211708
3,Smartphone,Netflix Streaming,-52.59926695774377,31.83441647737488,0.6243770479197135,0.013105863080429037,10.936648266711918,1,Evening,0,0.1797978134950754
2,Smartphone,YouTube Streaming,-58.245411669671114,20.942452693470443,8.36527216713741,0.07973943579077786,7.924998353851014,3,Afternoon,0,0.4677582309575795
4,Tablet,Netflix Streaming,-44.771324337298296,25.687324202837353,6.370672765306439,0.05079486919064083,11.002780214319081,2,Evening,1,0.9680725029096784
3,Smartphone,Netflix Streaming,-49.15437974950455,33.910239077046505,4.3036928519634685,0.07503307758199561,9.143534109142335,1,Afternoon,0,0.7529861930391851
5,Laptop,YouTube Streaming,-48.7421445758384,45.339632564990225,8.845127033696285,0.031071532831144746,6.445527131056577,2,Afternoon,1,0.8111626038791322
2,Laptop,Video Conference,-45.95230363997047,11.869944541117235,3.493653565306088,0.0374689508362078,3.0977983134027105,5,Afternoon,0,0.03282549881924013
2,Laptop,Netflix Streaming,-56.54988579141197,47.133813999049934,6.345359607450288,0.08568353497231763,4.653095317764567,3,Evening,0,0.4678594626341599
5,Laptop,YouTube Streaming,-58.157504106920825,35.63179227556516,4.6956612409599625,0.046687809912310446,8.38085071013057,2,Night,0,0.6466211336575554
4,Laptop,Video Conference,-42.09522852548399,26.965799845448906,4.367272806282083,0.011631831919338748,2.8198264434649203,5,Afternoon,0,0.8300326836280747
5,Laptop,Video Conference,-57.18583380371146,13.870333175078986,2.9039725946806465,0.03751303970436578,3.1603164287869965,5,Morning,0,0.04927365358277147
4,Laptop,YouTube Streaming,-56.11118898537782,34.51190411894631,8.848668565983564,0.07173627530363669,11.044293517096094,3,Afternoon,1,0.8524388856418731
5,Laptop,Netflix Streaming,-55.11217689772883,38.684836033369955,6.112528970279019,0.044356334549850274,10.061175481968576,2,Evening,0,0.5484009367419117
5,Smart TV,Video Conference,-39.60027038154739,12.392361733038438,2.2289825816347504,0.004058211223185726,2.333690878050914,5,Morning,0,0.19731397057605993
1,Laptop,YouTube Streaming,-47.533083497942386,44.53024147145236,5.919493993328466,0.029494582404234207,9.564222553301889,1,Evening,0,0.3172552164497
2,Smartphone,YouTube Streaming,-45.1729601278231,12.92436274709734,4.308336430915157,0.047546360616912045,5.530221911748434,1,Night,0,0.28192955175156076
5,Smartphone,Netflix Streaming,-49.01916227210636,59.2240553878994,4.735434489045438,0.07569276593414415,7.199041014386324,2,Night,0,0.5308590342884758
5,Tablet,Video Conference,-53.009436056006166,19.45031142314908,1.7820763732348874,0.040753605033790344,2.187548549759115,5,Morning,0,0.05168567991113182
3,Laptop,Netflix Streaming,-46.84354358369916,33.264681709649835,6.868970981882535,0.08636410524171562,4.580525851802138,3,Night,0,0.15853615849992353
2,Smartphone,YouTube Streaming,-57.78307985398402,29.476783264226555,7.655722281501552,0.0996809180681109,6.885997810312022,3,Evening,0,0.8126930433757824
3,Tablet,Netflix Streaming,-55.47641726048248,26.335793885514455,6.819251937763117,0.04268583287950896,6.907804048765913,2,Afternoon,0,0.13260399074681106
2,Smart TV,Video Conference,-46.33512410369259,18.642377622543087,1.9968879839600215,0.0015861245908015576,3.2753774878054305,5,Evening,0,0.23339626945812697
3,Smart TV,YouTube Streaming,-56.7862761541339,44.94981668792354,6.4778118030748475,0.0030415880807967977,13.064775200476687,2,Night,0,0.4533706056041573
5,Laptop,Video Conference,-50.945407345809365,25.54527023965793,3.286729839083791,0.0018848862457426397,3.876789554553953,5,Afternoon,0,0.5171208881133305
5,Laptop,Netflix Streaming,-50.71756172177706,46.06990412978503,6.757806623068412,0.08740136713087157,8.253028909139335,1,Afternoon,1,0.7636104796141586
1,Smartphone,Netflix Streaming,-52.64331001668581,25.927399532388776,2.9864426244670375,0.022071258594441867,7.499579454471716,2,Afternoon,0,0.4473324266661878
3,Tablet,YouTube Streaming,-59.75559237424429,24.161891500131638,7.542781961995395,0.015844803718990597,9.47542576010749,3,Evening,0,0.7898646210355388
4,Smartphone,Netflix Streaming,-53.144644455943464,53.13341205245549,9.114385997969832,0.006220509152569099,5.852165582708446,1,Morning,0,0.6183463070454575
1,Smartphone,Netflix Streaming,-54.12484188466243,40.91108613538543,5.027551027434962,0.08227029217172065,11.792074990307878,3,Night,0,0.11309973942382245
3,Laptop,YouTube Streaming,-49.19280068356151,48.96848201813328,9.837113372783701,0.031138193989258434,7.751681585066361,2,Evening,1,0.15633143839283858
3,Smart TV,YouTube Streaming,-49.447547306502656,26.460602916123072,8.685662489456861,0.04016968927597765,7.209620333937871,1,Evening,0,0.4370337254497708
1,Laptop,YouTube Streaming,-48.11019270031563,25.764746082312698,9.412960310830108,0.050275019160961235,9.9400741473276,2,Morning,1,0.3968893930890396
5,Smartphone,Video Conference,-53.379931364871986,20.53089383911106,1.920160846211481,0.01335375037281662,3.2247869027321583,5,Evening,1,0.7435442696372946
3,Smartphone,Netflix Streaming,-47.386110247670544,26.759411584609882,5.014469648496359,0.0650833221561485,9.438501966110667,3,Morning,0,0.5807371397973519
5,Smartphone,Netflix Streaming,-57.780033663868416,42.05365210228451,8.561630855628275,0.061506462985781135,10.810340111190722,2,Morning,0,0.3881330810022493
1,Laptop,Netflix Streaming,-59.10952366326177,27.488739430735546,5.75079818646332,0.01756720999559107,7.517314455193982,2,Evening,0,0.17076028345038563
5,Laptop,YouTube Streaming,-61.677863620833136,23.283301419327096,7.235769012206711,0.05131898917098298,12.105683226159742,1,Afternoon,0,0.22683710232549514
2,Smartphone,YouTube Streaming,-52.49648619785999,36.420154122552326,6.6572980143927625,0.07153810171786552,9.288583052522508,1,Evening,0,0.575501018469059
4,Laptop,Netflix Streaming,-53.76649112169279,22.100138241747867,9.249391713593791,0.09732608830304917,9.313388519328859,2,Morning,0,0.42343880489979246
3,Smartphone,Netflix Streaming,-46.053421940727,17.005360685246107,8.460654011846659,0.020140630921335223,10.731730670371979,1,Afternoon,0,0.5149275088606721
4,Laptop,Netflix Streaming,-53.24331293524435,36.33257233861278,6.838868403375258,0.0009543353067226646,11.261469909272748,2,Morning,0,0.17067743530223367
5,Smartphone,Netflix Streaming,-48.633118260278664,17.507799569897898,3.0967856129196942,0.007530143359846975,8.52367797281276,1,Night,0,0.6629062523445658
3,Smartphone,Netflix Streaming,-45.93351711708461,42.75279396295423,5.729545066941598,0.037585246518197925,9.593810882753875,3,Evening,1,0.852538740855967
5,Laptop,Video Conference,-53.431595378245575,16.4850126986508,0.960568501680068,0.006851045501816033,3.8632189790174234,5,Evening,0,0.2579395067869006
2,Smartphone,Video Conference,-48.50973894946412,25.795076224485783,3.173961149685708,0.026879231284628293,0.9848163356422628,5,Afternoon,1,0.4915142258318266
1,Laptop,Netflix Streaming,-44.99036225522403,32.06203349859206,3.993556131174277,0.045673059288584034,4.540995200734704,1,Morning,0,0.9755273290209018
3,Laptop,Netflix Streaming,-56.19081387402784,36.44594503296484,3.3868240550622217,0.03292306153413945,7.88489215918819,1,Night,0,0.33324174055072764
2,Tablet,Video Conference,-49.87573830877678,23.877227353815464,2.6479443922880637,0.0030712564629916343,1.8773685549606547,5,Afternoon,0,0.5950463449237612
2,Smartphone,Video Conference,-53.41017191599657,8.078216623218559,5.105834825348488,0.011196229389829476,3.614129279450443,5,Afternoon,0,0.09019570020024437
3,Smart TV,Netflix Streaming,-55.87244941246569,24.406873788822576,5.078407078324846,0.025474870733671884,8.628747068398274,1,Evening,0,0.6060150024794432
5,Laptop,Video Conference,-57.68225870245114,17.538244939302196,4.842651372883342,0.021932375012302743,1.773929407183693,5,Morning,0,0.08963177330461791
2,Smartphone,Video Conference,-55.9532428608935,13.285478008651959,3.586952291183375,0.04887481291044466,4.286482064644474,5,Night,1,0.959235435323822
4,Smart TV,YouTube Streaming,-49.69985497123994,22.94237871544461,5.498595945927403,0.052155098391096714,5.99666697275815,2,Evening,0,0.7156626520723114
2,Smartphone,Netflix Streaming,-58.054222277808734,33.18993861340386,6.910479384775653,0.012464742899281334,9.576287087941889,3,Afternoon,0,0.7881597881357064
5,Smartphone,Netflix Streaming,-52.753635120443185,32.2555997289098,6.851506668031279,0.0961414540423639,5.873073265755321,2,Morning,1,0.7041043607716369
5,Smartphone,YouTube Streaming,-45.93402796573551,37.20381582788034,6.671591790606967,0.06359107657097383,3.794196537889933,2,Morning,1,0.5897290360764658
4,Smartphone,Netflix Streaming,-47.75494518290532,32.95076208225891,7.081196952312597,0.07658684256625316,7.58532245493356,2,Night,0,0.44991278108550536
2,Tablet,YouTube Streaming,-52.652538114690785,34.32122227927023,8.512997855680313,0.007921315000837082,9.830039849839912,2,Evening,0,0.8583733797610624
5,Smart TV,YouTube Streaming,-41.55154793320638,41.418155302416906,5.652151306540809,0.00470583794600189,8.159661583765953,3,Afternoon,1,0.956835667543063
3,Tablet,Netflix Streaming,-40.5348179304417,23.861469003988667,3.949444930967867,0.0019448050368081173,5.67040596983953,1,Morning,0,0.4990361729040813
1,Laptop,Netflix Streaming,-49.86938784230137,42.37373135260824,10.38001986720752,0.018879402777344446,8.203901934812672,2,Evening,0,0.931535049155262
1,Smart TV,Netflix Streaming,-62.34271457942154,46.411327315312505,9.178843848980101,0.041440839771849515,8.8766074095367,3,Evening,0,0.5833329099885175
1,Tablet,Netflix Streaming,-45.5677590149187,51.34134993488868,4.792724257501204,0.09358261334028228,8.180633383037852,2,Afternoon,1,0.5383841868964332
2,Laptop,YouTube Streaming,-61.46988170016793,13.56632675862641,7.271264017551907,0.045705965926577635,7.470831506222828,1,Afternoon,0,0.4544827329553567
4,Laptop,Video Conference,-42.61926944639967,24.20746352235428,3.3938875948105784,0.014180396170856813,2.5097784079847107,5,Afternoon,1,0.20928776153011985
5,Smart TV,YouTube Streaming,-44.5820754962885,15.34899425646411,8.498087889052078,0.05619352535196634,4.523146194359709,3,Evening,0,0.0037196608180591895
3,Smartphone,YouTube Streaming,-41.1289374793099,10.649363102271764,7.924026619858569,0.011193457813478925,6.212089218474839,1,Night,1,0.24150622685606127
3,Smart TV,YouTube Streaming,-48.69867220816137,36.44093047607478,6.659546216816512,0.060950589100498324,5.38958380438938,3,Morning,0,0.5097231716035652
2,Laptop,Netflix Streaming,-51.80692883590919,31.008482071496385,10.454607850123915,0.05684319543305033,10.696772743976313,1,Evening,0,0.37995995225975254
1,Smart TV,YouTube Streaming,-52.25050566845112,37.99850951770746,7.44171774491892,0.07919930334057097,9.424063441976775,3,Afternoon,1,0.4484852280026338
2,Laptop,Netflix Streaming,-52.73130085515449,39.86127690087316,5.970081481358619,0.09866876116170242,8.370250068628035,3,Afternoon,0,0.9806482195640496
4,Laptop,Netflix Streaming,-45.094656731626486,47.47895958107921,8.742151457691191,0.025087347171611055,5.0987566932943835,1,Afternoon,0,0.3502723706693276
4,Laptop,Netflix Streaming,-46.43864255247061,35.5392042530578,7.19211728390284,0.05096564508037607,9.488295577896238,1,Night,0,0.4521829393601079
5,Smart TV,YouTube Streaming,-49.39887183282894,64.23355617319088,7.699595454507245,0.09088654063190037,10.773080269983632,3,Afternoon,0,0.13351555135281956
5,Smartphone,YouTube Streaming,-53.61090653963486,38.064098549852126,7.406298403182415,0.07851898844228414,9.142989472927125,3,Evening,0,0.04795773243698764
4,Smartphone,YouTube Streaming,-36.85393684349864,53.424790445672116,7.99355114753382,0.04874063031008076,7.929645166992886,1,Afternoon,0,0.7754095145924946
4,Smartphone,Video Conference,-45.43812693018565,24.59873807163995,4.381783897451939,0.02414256372050524,0.09886121818259141,5,Morning,0,0.5706831750719786
4,Smart TV,Netflix Streaming,-57.98855959886704,48.49739529550625,4.097787225659983,0.0057236693516809385,8.545832228505377,3,Morning,0,0.760704806043895
2,Smartphone,YouTube Streaming,-52.581280079685634,33.192395102044394,9.868265446467168,0.09309986197125841,9.852152467279478,3,Evening,0,0.14986279888655163
4,Smart TV,Video Conference,-45.341119512956475,15.519052688416698,3.9322900850662794,0.041821046149281976,2.295062085768396,5,Morning,0,0.5718287711826909
3,Smartphone,Netflix Streaming,-53.99769460616342,39.205451092281194,8.541694554817157,0.05473047441146844,7.557868926779347,1,Evening,1,0.25364247434137555
1,Smartphone,Video Conference,-48.24226020587056,27.529091438198282,3.800748021323299,0.0007190617992076487,4.466824416404768,5,Afternoon,0,0.22806181690001992
4,Smartphone,Netflix Streaming,-45.24601849831926,40.80053248448142,9.133366217429005,0.026272094356130284,7.2003541186276445,2,Afternoon,0,0.011526014052985256
1,Smartphone,Netflix Streaming,-66.94214041328196,45.110764575510785,5.957028709288465,0.047224849894515857,9.071700670009868,1,Afternoon,1,0.1303407235690719
2,Smart TV,Netflix Streaming,-50.54018849894625,20.10849883238404,5.3875636663819115,0.03243288791369666,7.321120696404384,3,Afternoon,0,0.30926811149969535
1,Smartphone,YouTube Streaming,-50.34395423217439,45.14918982455158,6.873253664736027,0.09521439170763514,6.498940763692353,1,Morning,1,0.11687876059093905
2,Laptop,Video Conference,-52.06036227841895,14.296102956570547,3.1354024824836113,0.04392079315224809,3.1825159965813556,5,Afternoon,1,0.9858584404109375
3,Smart TV,Netflix Streaming,-48.49152432526979,48.528411746932726,6.996536603548786,0.07090015113263796,10.214913861337903,1,Evening,1,0.30863264852395067
2,Smartphone,YouTube Streaming,-46.71240196252063,32.948517710021314,6.727323305971027,0.058762698661510876,8.270216134268127,3,Evening,0,0.13032394670232816
2,Smartphone,Netflix Streaming,-49.289745278376955,30.29591107468579,9.120791810467765,0.08205917893241482,7.447564007999145,2,Afternoon,1,0.19908231282795774
5,Tablet,Netflix Streaming,-51.86913697024716,35.270540406889516,10.02668900427894,0.03922670415235471,8.64086358589353,2,Afternoon,1,0.5877032283414765
4,Smartphone,Netflix Streaming,-46.83689350107865,36.018607063798534,9.963031585683167,0.04475518551060619,8.168078418099736,3,Morning,0,0.06404352386478851
4,Laptop,YouTube Streaming,-49.75473295362821,28.372151985082645,2.4709700412077673,0.07300017210808615,4.132725917980644,3,Afternoon,0,0.8624341301411569
3,Tablet,YouTube Streaming,-51.15350206597739,30.036952690447162,5.129666340313429,0.035775476329371426,9.393518286038317,3,Morning,0,0.9614996792371473
3,Smartphone,Netflix Streaming,-56.5613969266946,22.731244654862106,2.4502264723552756,0.006390094204837382,8.814916879894218,1,Night,0,0.24674742066738087
4,Smartphone,YouTube Streaming,-57.81327392633039,30.653549102098054,4.612915451129938,0.0074334608886071464,8.032343597891492,1,Afternoon,0,0.45009526859085935
5,Laptop,Video Conference,-56.65614896357035,19.06938826123915,3.3856600004692377,0.020560203360592708,2.7052075492274703,5,Afternoon,0,0.02213445102949707
4,Smart TV,YouTube Streaming,-48.608354693898924,33.62645826093856,7.821123230453887,0.08696813233436629,10.425998728500396,3,Afternoon,0,0.6407102247272215
5,Smartphone,Netflix Streaming,-50.39539373803176,45.090652960473285,5.960133531014919,0.047222642575620435,9.597537322947103,3,Morning,0,0.41392605805258886
3,Smartphone,Netflix Streaming,-57.401420491037314,33.145705323469265,6.015859858102709,0.07128823693447366,6.299398367928932,1,Evening,0,0.2700584661015557
1,Smart TV,YouTube Streaming,-46.77041087103095,20.684820022766857,7.3635293663995265,0.03929093356048933,6.36857777874608,2,Morning,0,0.20683711061660848
3,Smart TV,Video Conference,-43.128452434104524,18.323021386131035,3.5747012616653486,0.011025439356832402,4.693937067097493,5,Morning,1,0.6540230776587604
3,Laptop,Netflix Streaming,-52.99246808358168,28.263768589665975,5.322813694072273,0.034719216756221194,4.245552146109601,2,Evening,0,0.41621703103231444
2,Smartphone,Netflix Streaming,-58.70490928684187,32.666327112364655,5.992886748365255,0.07941823453171837,7.702304969675772,3,Afternoon,0,0.17965928902991202
2,Laptop,Video Conference,-53.545631924509564,25.590078272880703,4.372116846572371,0.010494881479311536,3.0216920555262843,5,Evening,0,0.689109081486824
2,Smart TV,YouTube Streaming,-45.72769686602653,23.391295402784863,7.15390798045109,0.09376397799579021,4.499184529104991,1,Evening,0,0.5650722830366937
2,Laptop,Netflix Streaming,-47.25735070732613,36.64743787464385,10.001299579466084,0.0679704778576834,8.468686477700599,1,Afternoon,1,0.8586720549294962
5,Smartphone,Netflix Streaming,-54.61216343005739,34.59481649964208,8.816672322162189,0.0570181631754694,9.908858153171904,3,Evening,1,0.1174758988764929
4,Smart TV,Netflix Streaming,-42.39413931117629,42.00925715437103,5.461379951016131,0.06101960089858345,5.028847859793048,1,Morning,0,0.7856666019444561
1,Smart TV,Netflix Streaming,-43.25859967036801,43.551533654820226,6.477341881097065,0.09423714394684146,11.316340413388318,3,Evening,1,0.673516786817259
3,Smartphone,YouTube Streaming,-53.66503031638321,37.63839004248892,6.3411217258157535,0.07882009298667061,5.980339847802179,3,Afternoon,0,0.11501093682809782
5,Smart TV,YouTube Streaming,-53.71645001482484,31.396253534196003,5.971694966958513,0.0024041237366437818,9.149472492954061,2,Afternoon,0,0.6948207298717207
1,Laptop,Netflix Streaming,-52.96413968689745,39.7337250402596,7.545031651641819,0.05341396961356973,7.832807143282734,1,Evening,0,0.4415472888798304
5,Smart TV,Netflix Streaming,-52.53666387694273,48.35655897144562,3.2804408940581835,0.06883384115465649,8.139031247400903,3,Night,1,0.9449847855558431
5,Laptop,Netflix Streaming,-45.24730996035778,34.72710060360299,8.761428776012968,0.07486984784391551,5.433009728651687,1,Night,0,0.1416113506178993
3,Smartphone,Netflix Streaming,-47.87335469761703,32.327438855769735,10.387101581430711,0.02131421193139367,10.520945924706119,2,Evening,0,0.642833390815738
4,Smart TV,YouTube Streaming,-45.61460615324706,38.8817025766799,6.460318918656366,0.08671773544513522,8.651766926700468,2,Afternoon,1,0.38198004546294595
2,Laptop,YouTube Streaming,-46.6321742840665,35.38727020369612,6.421271149764342,0.09558431471751638,11.241680353806313,1,Afternoon,0,0.9568146705908778
4,Laptop,Netflix Streaming,-41.42736465903134,21.622905760822007,7.3140884944173425,0.02367153058448698,5.485165558841946,1,Afternoon,0,0.32997489529027646
3,Smart TV,Netflix Streaming,-55.296927719045705,37.393308003974816,9.03877195392042,0.08826154575172458,7.637530732242612,3,Afternoon,1,0.9621859094918002
3,Smart TV,Netflix Streaming,-48.09820734808042,21.53237591236236,6.351412566365515,0.00969787625160954,8.419058479404415,2,Afternoon,0,0.9014858511007491
3,Smartphone,Netflix Streaming,-60.86910628117349,38.744806464084455,8.867890332203473,0.005570683611524518,8.120766294589849,2,Night,0,0.27038323531065633
1,Smartphone,Netflix Streaming,-56.58477787048429,27.028572755934327,7.976989344906485,0.012922380010274938,9.33357068934484,2,Afternoon,0,0.8035417768264277
4,Smartphone,YouTube Streaming,-50.374266929674235,35.36874804186346,11.723222888009381,0.0057741079467036,7.612162916152249,1,Afternoon,0,0.995604201803506
4,Laptop,YouTube Streaming,-47.90896693622732,38.90593906199236,6.342675969675408,0.0845012237155776,12.244052092601372,3,Afternoon,0,0.25266300217128235
5,Smartphone,Video Conference,-50.50907871014785,20.555860801447682,3.7573934689773894,0.03482807010720231,3.3253392959749917,5,Night,0,0.43677716932331967
5,Laptop,YouTube Streaming,-52.83596209406339,42.427499617869245,4.134121758628972,0.02716641913636555,2.2316911284753314,1,Evening,0,0.5201807365667597
5,Tablet,Video Conference,-51.94708938746519,30.17839159519378,1.8764708790860052,0.04101620440736005,1.8616186114442521,5,Evening,0,0.2949311358038643
3,Smartphone,YouTube Streaming,-43.15279511787948,53.717478186939246,9.055764188041504,0.029542203631376496,10.522927969732367,3,Afternoon,1,0.01526483964602976
4,Smartphone,YouTube Streaming,-51.920160889400705,39.89255916999444,5.694981719158553,0.009055946760092049,6.153387796298932,1,Night,1,0.22012924419752666
3,Smartphone,YouTube Streaming,-41.25379188978236,37.85689800267199,6.53813510024934,0.0668003250743014,6.026489621657527,2,Morning,0,0.28193688434175845
1,Tablet,YouTube Streaming,-46.029914632294336,24.332788911737843,8.369685474663152,0.013332681634257515,6.31922058732082,2,Night,0,0.44359970131818716
5,Laptop,Video Conference,-47.71231326925885,15.809018429952406,1.7462998701017796,0.04124034739899154,2.4500497805595236,5,Evening,1,0.17110247841340187
3,Smartphone,Video Conference,-55.96798455160498,17.78190847741473,3.4626661368198874,0.03444052517949935,3.609851543799615,5,Afternoon,0,0.8732543566916726
3,Smartphone,Netflix Streaming,-45.323809193001864,30.989411498756137,4.6645466247794785,0.001366168547060942,9.818594452698441,1,Afternoon,0,0.7049111327313361
1,Smartphone,YouTube Streaming,-52.4688528887425,53.706633761924685,9.356456185765124,0.08957263555151146,11.052665456825387,3,Evening,1,0.08520047755966198
2,Laptop,Video Conference,-55.9721987900285,17.93145416162691,1.8434640151622708,0.02129987597342141,3.2738572803991253,5,Morning,1,0.6500924511399314
4,Smart TV,YouTube Streaming,-47.43578193460311,26.241004222838914,3.8411700210138795,0.023964578495755662,7.243090692845085,2,Night,1,0.6536564764056204
2,Tablet,Netflix Streaming,-56.9397303028327,48.74533454691304,6.715629002023554,0.003238913777599506,8.605395988753465,1,Afternoon,1,0.9562211736436277
5,Smartphone,YouTube Streaming,-53.81120731064791,44.55275476237449,9.81451795012989,0.0335843487039316,8.405356726770382,1,Afternoon,0,0.0030208713561612477
3,Smartphone,Netflix Streaming,-50.050579557344555,45.076534926003966,7.797390367244476,0.051386652571327164,11.799879333245778,1,Morning,0,0.2479324498058072
1,Tablet,Video Conference,-38.90789287942636,19.929009877943304,1.9426671828252697,0.029325589051872436,1.467493726069681,5,Afternoon,0,0.9277914793753155
1,Smart TV,Video Conference,-53.43457877896244,15.689750592977532,2.5678762906759465,0.02630412592087015,3.026961156186352,5,Afternoon,0,0.932133915398283
4,Laptop,YouTube Streaming,-52.291082596502875,29.414852579061126,9.305889103645729,0.07054900246731168,12.124425048076512,1,Afternoon,0,0.7205864193706374
2,Smartphone,YouTube Streaming,-46.33827472789177,42.77954772792755,7.7210304298889945,0.018750445711898035,9.506867386494672,1,Evening,1,0.76576332104754
4,Smartphone,Netflix Streaming,-56.19147844188023,60.23799790617032,4.054027224516489,0.07505984567441265,6.857256826094179,3,Afternoon,1,0.09148295792964711
3,Smartphone,Netflix Streaming,-47.78596809489542,56.55332748190617,9.379782107749982,0.023599660590923756,8.34319754613591,3,Night,0,0.5138758347782336
4,Smart TV,Netflix Streaming,-43.97036596191706,25.22437874527313,3.7991928764842604,0.014354475594376793,8.486435245122133,3,Evening,1,0.2315829912889994
1,Tablet,YouTube Streaming,-51.535474423555506,20.55482662997727,6.559027691665177,0.01854088503740543,6.808958419328041,1,Night,1,0.18121804361361726
1,Tablet,YouTube Streaming,-44.86922859301567,49.303465988479275,6.470770593255741,0.018206312888185538,8.283556741382869,2,Morning,0,0.8103032991233325
5,Smartphone,Netflix Streaming,-48.54275038394097,36.42055811594,10.236762657695671,0.05128628793769912,8.70962674932024,2,Afternoon,0,0.13503813668054743
5,Laptop,YouTube Streaming,-53.653409819018904,29.9911855869792,6.477907616239695,0.08447975811881461,12.03106052272565,2,Afternoon,0,0.46865163699638523
3,Tablet,YouTube Streaming,-50.98902342948253,41.21218546939048,6.47071462739855,0.007960507699250564,9.926902444571082,1,Evening,0,0.938578239586033
2,Smart TV,Video Conference,-51.89878669990121,24.243832513032118,4.078003372707476,0.00361384737865883,4.016820493446502,5,Night,0,0.18583205556534255
4,Laptop,Video Conference,-50.43819128908239,20.152477523767992,2.391116062189661,0.02878929313872058,3.33832518878458,5,Morning,0,0.9779934237382346
3,Tablet,Netflix Streaming,-49.236410503900856,35.669818078187326,5.365409078238715,0.08725199518293625,7.305605480764284,2,Morning,0,0.994287985761059
5,Smart TV,Netflix Streaming,-47.059000325140715,42.22387928328167,5.469555267990614,0.024414756050690725,8.484493967863251,1,Night,0,0.5556171546824029
4,Smartphone,Netflix Streaming,-47.45665875206432,26.054673108636116,7.012569049783746,0.04501098586850297,4.157798493734074,2,Afternoon,1,0.17014274017715791
5,Smartphone,YouTube Streaming,-62.15856785631074,49.24462013132634,2.131647228314815,0.09258273744435175,10.36371867621856,2,Evening,0,0.31610488794089564
4,Smartphone,Video Conference,-50.486540943860135,26.30103703039419,3.0928576239717014,0.010107469961263538,4.3213117146525235,5,Evening,1,0.42449283267653515
2,Laptop,Video Conference,-57.547109567033814,21.466310516233985,2.7481216921032727,0.027274517024741787,2.64154739401285,5,Night,0,0.30932422435822293
3,Smartphone,YouTube Streaming,-51.37863626233663,23.82330072988006,7.242509366207863,0.013141238285526846,7.63333131299843,2,Morning,0,0.2806355798765158
4,Smart TV,YouTube Streaming,-50.6189479390546,51.99632416644247,6.533134402712209,0.026248500790059106,10.507733777647495,3,Morning,1,0.9722297092163575
1,Laptop,Netflix Streaming,-45.11925820957646,34.86283900633732,6.918411020430078,0.05812154774893833,6.409124104726069,2,Evening,0,0.15336482741574564
1,Smartphone,Netflix Streaming,-50.1505773355005,42.280488624298414,6.181766772689497,0.07181679475605138,10.588370699324575,1,Night,0,0.7333279087168623
4,Smartphone,YouTube Streaming,-48.7039099082837,31.771755362533913,6.9629907935406745,0.01244218868518935,7.4959225268274245,3,Afternoon,1,0.00041028943917487126
4,Smartphone,Netflix Streaming,-46.03471809671285,37.608890646820974,7.868284440524432,0.059959726004405405,9.511992105553833,3,Afternoon,0,0.5961826694023769
4,Tablet,Netflix Streaming,-43.8612387009035,37.97127352119404,7.854267457375322,0.0550351278838751,8.173528411157974,3,Evening,0,0.9159430039540524
1,Smartphone,YouTube Streaming,-50.61506961678455,6.80069067996579,5.622083177083009,0.05139554466907081,12.466387693302371,3,Night,0,0.287934094093219
1,Smartphone,Netflix Streaming,-49.52910279159796,40.82448124654831,8.8301894791659,0.0690123117682008,6.225215219784948,2,Night,1,0.1855259752577192
4,Smart TV,YouTube Streaming,-49.94988348878873,54.65341461722085,7.314217389006639,0.08374495950834619,6.853434754846132,2,Night,0,0.651679794878427
5,Smartphone,YouTube Streaming,-52.71299482215538,40.39780258991957,9.464427912679538,0.03229896831768684,4.987749044622338,3,Morning,0,0.7126014072983932
5,Laptop,YouTube Streaming,-53.84557611721195,25.422917511102618,9.865744862534164,0.08890121901109595,5.8064856659413575,2,Morning,0,0.6880305189519813
2,Smartphone,Netflix Streaming,-61.35942958212968,41.49961566153887,4.114546557253508,0.01606336126185507,9.426256215389033,3,Evening,0,0.31931688002137404
3,Laptop,Video Conference,-55.38330467262165,28.32220126974105,2.924620387577234,0.022188566954612257,4.019949483466368,5,Night,1,0.2522024021593309
5,Laptop,Video Conference,-58.893154166049015,27.80953212383053,3.701292326752233,0.014118395952132812,3.548044974005971,5,Afternoon,0,0.9559187999620442
1,Smartphone,Video Conference,-43.72400757773374,17.026970830802476,2.5214201001358054,0.004047686805784406,2.117004776499117,5,Afternoon,0,0.9232995082699295
5,Smartphone,Video Conference,-49.057919958512855,9.51052279345663,2.569413439817721,0.043830691350794586,1.9595362293807215,5,Evening,0,0.4573166098928203
2,Tablet,Netflix Streaming,-50.62969486473417,32.53690244633193,6.312235610374675,0.01064117629028446,9.7968373432543,3,Morning,1,0.8461938661543734
2,Smartphone,Netflix Streaming,-53.58742593040541,41.97776901011213,8.150066070218037,0.08217524169853904,6.102796189628325,1,Afternoon,0,0.45232347763429603
3,Smartphone,YouTube Streaming,-49.85110368382688,20.92876004940372,6.767218674278447,0.01389689918866246,5.302096531388481,2,Evening,1,0.4243890180725104
5,Smartphone,Video Conference,-54.23989938827667,29.839494714640676,1.7396857086564066,0.010063189406723622,2.1952150218033473,5,Evening,1,0.15676294759929466
1,Laptop,YouTube Streaming,-49.12990721689698,50.95609823010948,9.111089204263951,0.004791386791333375,3.9321187662230077,1,Evening,0,0.42640605649197283
1,Smartphone,YouTube Streaming,-48.77133008539323,51.34195266577176,12.50144606107466,0.09485203275139152,5.237230250895502,3,Afternoon,0,0.537416938599807
4,Laptop,Video Conference,-54.30691851178372,21.086071548236717,1.6863848539209336,0.00019185727539004495,3.2898243165504732,5,Evening,0,0.022504327428686466
1,Tablet,YouTube Streaming,-54.40230982411203,23.68586388736391,6.355282898309515,0.0006796548586111784,4.866383151083196,1,Evening,1,0.4441130051754064
3,Laptop,YouTube Streaming,-45.189003227024415,32.29379420472063,1.7018009134658811,0.0763856500200214,5.623703237908377,2,Evening,0,0.7813562183952003
3,Smartphone,Netflix Streaming,-50.2642997714565,43.92589517114352,9.703005806912241,0.051408192076618536,8.143665815413328,1,Evening,0,0.6800460563742698
1,Laptop,Netflix Streaming,-53.90510214632445,16.725256459470096,8.823530645684006,0.07793651703351198,8.24780776006003,3,Afternoon,1,0.635156988863935
1,Tablet,Video Conference,-51.8525315084476,13.777708000810831,4.478723609467892,0.015702190345921626,2.242641513469832,5,Morning,0,0.9095554284372025
4,Smartphone,YouTube Streaming,-55.052970433533034,30.25820843420355,2.8702290759062272,0.06410248576353547,3.9932525022177696,3,Morning,0,0.01803200982523001
1,Smartphone,Netflix Streaming,-50.335917903309586,48.25964674285234,3.1015374336694697,0.07863316553950406,9.69697865527558,1,Afternoon,0,0.5570475861922342
4,Laptop,YouTube Streaming,-45.84185846167766,18.230915260307455,8.290338250745636,0.04051080545878567,7.113893200484007,2,Evening,0,0.7873488484097071
4,Smart TV,Netflix Streaming,-50.13835333797131,35.925406154936226,8.489982839228164,0.00027081498204520885,10.440899044349802,3,Night,1,0.5413353827012672
1,Laptop,Netflix Streaming,-38.18183278162308,31.063905626514064,5.153332111262424,0.08499464959451886,6.7103647569423055,1,Evening,0,0.32389555258037916
2,Smart TV,Video Conference,-47.89320215975499,15.842490285219515,2.292883995367721,0.03457080287565761,1.2167785187162026,5,Evening,0,0.13625056509197786
2,Laptop,Video Conference,-48.85022776078894,19.46702619542674,1.9566651569496638,0.013087555006724122,2.876692347995203,5,Afternoon,1,0.8875630718161913
4,Laptop,Netflix Streaming,-54.541510654829025,29.141843407422652,6.265460586291563,0.0007766642153968717,7.06611544849236,2,Afternoon,0,0.470762392387603
1,Laptop,Video Conference,-51.19266723421333,30.551771839101978,2.8555315847002065,0.04146925750711873,3.254580432643561,5,Afternoon,1,0.8781151969857014
2,Smartphone,YouTube Streaming,-53.89506921516846,31.11171146691426,4.5901287975439224,0.09864874015717295,5.342910643767206,2,Morning,1,0.5858521224331683
1,Smartphone,Netflix Streaming,-60.82822614202062,44.993297112397535,9.29507842718779,0.027826766081876966,8.527378974138987,1,Morning,0,0.6741921166150008
1,Laptop,YouTube Streaming,-45.12868888935596,32.629230091144215,5.542956891971294,0.03954182702423781,10.44445541670968,3,Evening,0,0.80426115437845
1,Smart TV,YouTube Streaming,-52.55725277775115,45.54666578768763,10.56307336393409,0.06871899964686766,9.036985691928248,1,Night,1,0.6591555446001344
5,Smartphone,Netflix Streaming,-53.80200037166653,39.3608195512725,4.989387953037067,0.08147936675236588,12.81244784570648,1,Morning,0,0.3980548406789377
1,Smartphone,YouTube Streaming,-48.94714983020768,67.60491080691423,6.296855842799746,0.041739162400610035,9.148715984582312,1,Morning,0,0.513633383928651
5,Smartphone,YouTube Streaming,-47.437502238892414,34.471039945839955,7.1171742750847065,0.030966887040129256,7.269457494784998,3,Evening,1,0.8030455246758799
4,Smartphone,Netflix Streaming,-51.60387416453139,38.828622916214485,7.104637095644966,0.09378257999850671,13.681772786002995,2,Afternoon,0,0.3736502963729842
2,Smartphone,YouTube Streaming,-50.01300833804509,30.205752582840688,7.981657001236191,0.06771449666716693,11.2674020346951,3,Night,1,0.3881214567684971
2,Laptop,Netflix Streaming,-46.269062963427984,35.02685340754779,4.428635163506645,0.011902130449314109,4.7941848764032065,1,Evening,0,0.09569011605800115
2,Laptop,Netflix Streaming,-51.80096797304974,7.981648658505591,6.92537518350673,0.006892787813464862,6.431672790143371,2,Night,0,0.9145844352217477
2,Smart TV,Video Conference,-48.48833129118333,20.39500041805531,3.415065094935984,0.03006920353442817,5.138209047551539,5,Afternoon,0,0.09103631494544173
2,Tablet,Video Conference,-58.29622309194575,25.397718104058207,2.3559539842872086,0.01696101491958919,4.318105360497066,5,Evening,1,0.6482091774485559
2,Smartphone,Video Conference,-56.20659499213875,27.129682907395576,4.152031402809516,0.02722977243553747,3.132347699508747,5,Afternoon,0,0.4131944788027977
2,Laptop,Video Conference,-46.97230110959798,26.541120389127702,4.8221689493957065,0.002053408639520271,3.254401771650784,5,Evening,1,0.40561939025544236
4,Smartphone,Video Conference,-56.46779319583649,17.3586051329901,1.3973238551414058,0.037241253776495654,3.634903811584933,5,Afternoon,0,0.6795518365726839
1,Smartphone,Netflix Streaming,-48.82931226443352,10.698078728437295,5.493631751192668,0.07153641152288896,6.723816906789901,1,Morning,0,0.06709373262987872
3,Laptop,Video Conference,-50.73499391098537,21.058204887543244,3.0430830080243854,0.001001161486609381,3.382719793057051,5,Evening,0,0.5937057829514346
5,Laptop,YouTube Streaming,-51.822336312601145,24.934867072904197,9.894070919842406,0.07603282214041378,4.356158901358556,1,Evening,0,0.7720317859723548
3,Smart TV,Netflix Streaming,-54.14231384483864,34.71291409787772,9.932911452314801,0.07224113844635446,6.256344466884219,2,Night,0,0.8282127578865942
3,Smartphone,Video Conference,-45.453299909473124,18.217641813158348,3.219784323424461,0.029171075950921756,3.234915247519441,5,Evening,0,0.1705303893937753
1,Laptop,Netflix Streaming,-41.350544227400825,49.87727035658267,6.075485439838297,0.050913541292159914,4.891848004060823,2,Evening,0,0.8974190500781737
1,Laptop,YouTube Streaming,-48.49903918699903,35.85281317965739,8.815236553600414,0.013931948237804637,10.91052098743696,2,Morning,1,0.6561460918474422
1,Laptop,Video Conference,-48.38754642163591,22.333627337960518,3.814169483332352,0.024014712939567792,1.5674033702084589,5,Evening,0,0.8818548008206828
2,Smartphone,Netflix Streaming,-53.41165314928747,40.46463764147663,7.091179407006017,0.08715858828624067,7.418525560391038,3,Evening,1,0.48528071711019827
4,Laptop,Netflix Streaming,-55.9804861591219,48.594114199614,6.8452773047616615,0.04183458074937581,6.702254001264631,3,Night,0,0.542033345097202
2,Laptop,Netflix Streaming,-50.19869452403087,32.60876305497041,10.516835714758251,0.044439561845108055,9.6636552442906,2,Night,0,0.9190382770286711
4,Smart TV,Netflix Streaming,-54.86874823979038,53.69615330504517,9.731677211112927,0.03032829394045271,6.424519678208738,1,Morning,0,0.8999095433546718
4,Laptop,Netflix Streaming,-58.86305064157911,15.143378436006849,8.489792836894194,0.07166062989600311,6.524004100107752,2,Night,0,0.448160873369002
3,Smartphone,YouTube Streaming,-45.98277093817209,43.57473498001236,6.659398068978747,0.035866136302645915,7.952263191990543,2,Morning,0,0.27441263163568175
3,Laptop,Video Conference,-45.739166058740835,24.875255476517342,3.2661922481872705,0.019024094274651793,1.7895983039765788,5,Afternoon,0,0.39317043456426415
4,Laptop,Netflix Streaming,-54.294193864765475,30.072504472200475,8.061133209075468,0.04322310595045083,5.100048803196588,3,Evening,0,0.38776432852974974
4,Laptop,Netflix Streaming,-48.78017839360378,40.694142669010354,5.956782176291956,0.009148751838745873,7.368677501997034,2,Morning,1,0.28686687498279395
2,Smart TV,Netflix Streaming,-44.99023866104117,40.61402049847743,8.876631431929008,0.07466032046442038,8.951392064425198,1,Evening,0,0.26857960433296657
2,Smart TV,YouTube Streaming,-48.97486656469061,41.06428013690071,5.157509777114187,0.0012596401271786962,6.396852123842643,3,Morning,1,0.8610629364797194
3,Smart TV,YouTube Streaming,-55.96577323049367,21.13842055894762,7.783687375994811,0.0644485061520594,7.6047790439566345,3,Morning,0,0.06986192068466168
1,Smartphone,Netflix Streaming,-51.164467066185495,49.4903023127924,2.4205689004147404,0.01828645267548724,4.773081183724736,2,Evening,0,0.6776111820995941
4,Smartphone,YouTube Streaming,-43.365952899790045,25.993528817723245,5.89876294679574,0.023240404621441314,9.864967704540641,3,Evening,0,0.1728200514564523
2,Laptop,Netflix Streaming,-48.76486678197443,27.327129097748006,11.155354265838888,0.063563199864004,8.440164659121963,3,Night,0,0.34450589339406323
3,Laptop,Netflix Streaming,-47.30433948408597,41.37896738166829,9.072382988783822,0.09929434657829073,8.617091805278434,1,Evening,0,0.06154303413483686
2,Smart TV,YouTube Streaming,-48.291853903154426,32.13278825238759,10.070936899869048,0.07777174890725508,8.97650123596979,1,Evening,0,0.26997363685546205
4,Laptop,Netflix Streaming,-54.277556789891264,38.08260840562492,5.665384665291236,0.0225839632223392,8.156255006989571,3,Afternoon,0,0.7684210711172421
4,Laptop,Netflix Streaming,-53.104226096413214,13.43399303367212,7.2075456736008725,0.01760247550411338,7.0324544828520015,1,Morning,0,0.8850153245472586
5,Laptop,Video Conference,-48.30567421474129,22.132479094598445,3.023329508647177,0.021438214555734178,1.9337832789562974,5,Morning,0,0.22152715190236705
1,Laptop,Netflix Streaming,-45.91564109989796,37.17831879512215,8.266189869410754,0.04441839479215043,8.313762295521546,2,Evening,0,0.46354783925892185
5,Laptop,YouTube Streaming,-44.500475245410584,29.901414622357166,8.017131754716639,0.013705280282815547,7.668561142653151,1,Evening,0,0.4703240479372064
3,Smartphone,Netflix Streaming,-54.29052772384097,14.259240402352106,10.261163940660126,0.08622114233219381,7.982690692158992,3,Afternoon,1,0.8735753057597342
2,Smartphone,YouTube Streaming,-47.83439732661403,32.871917385183956,4.919090068772144,0.08160923529142615,7.94006986702252,3,Evening,1,0.7627990528758054
3,Smart TV,Netflix Streaming,-44.064779441405115,34.62626140201387,6.631523921108994,0.09839063638971636,7.648468792149376,1,Evening,0,0.5130772183680499
4,Smart TV,YouTube Streaming,-54.935408851440116,31.32771009669505,3.4918288746612913,0.0909743686712684,8.892212725015815,1,Morning,1,0.6707472004717734
5,Smartphone,Video Conference,-42.56626432100113,18.290561319143574,3.1466412842974623,0.03690841352684218,2.7011796125743412,5,Morning,1,0.8473550539093668
5,Laptop,Netflix Streaming,-41.80529586327905,50.94734007316916,9.148370784357942,0.0052574397811003155,6.274417928519384,3,Night,0,0.009538954025544943
5,Smartphone,Video Conference,-36.8745683018917,26.013136505238318,3.189696931217662,0.04693573176870175,2.081884827565481,5,Evening,0,0.4028900310500486
3,Smartphone,YouTube Streaming,-48.84533279585003,32.777953370770994,8.471048508250195,0.056898319430412285,7.709521318544407,2,Night,1,0.9072431672770787
4,Laptop,Netflix Streaming,-48.817876618687755,10.905256787817095,10.31697008393616,0.05314792462818209,9.942786204286191,2,Morning,0,0.7403130308439514
2,Smartphone,Netflix Streaming,-45.865028054413415,50.94855348698207,6.644123650016123,0.04579632144895355,8.817758001263726,1,Night,1,0.5428413743340746
2,Smartphone,YouTube Streaming,-46.01098663475292,30.33450068265944,8.039726879599625,0.03967893254145843,6.894744179847535,2,Afternoon,0,0.5296445270351334
3,Smartphone,Netflix Streaming,-44.36816569502197,35.98462817074203,8.48662425908584,0.04312104848643289,9.15019272625735,1,Morning,0,0.3477700976044378
5,Smartphone,YouTube Streaming,-46.07983409767448,46.20737444816651,4.557009873866869,0.05692979341347953,10.394381915917872,1,Night,0,0.5205205336415145
1,Laptop,YouTube Streaming,-50.53030954519019,28.23695795283374,5.767095309397906,0.0002076517600081207,8.893959112242507,2,Afternoon,0,0.6553831994634532
3,Tablet,YouTube Streaming,-43.89001439513249,44.63244987386544,4.992677576656396,0.02607087741328522,9.331169886133592,2,Evening,1,0.4183630384287931
3,Smart TV,Netflix Streaming,-55.35627074846363,14.386745440588584,5.9265537798339425,0.05182797206887111,7.6564582987931935,3,Morning,1,0.714153146392174
4,Laptop,Netflix Streaming,-49.970738316373115,40.50986657571313,8.432221396162198,0.07222160986736463,9.986079765761005,2,Evening,0,0.8612322272603858
2,Smart TV,Netflix Streaming,-42.18132191975101,50.72242166519653,5.809606538115417,0.017415669239539633,6.838619170140713,3,Night,0,0.15468484818486117
3,Smartphone,Netflix Streaming,-56.251232490601595,29.195831527819703,6.929693546136366,0.054688117378743295,8.677086051481034,2,Afternoon,1,0.4515470228174244
3,Smart TV,Video Conference,-53.387378284985815,16.165066949321393,2.4666952665721293,0.016291229200972434,3.1118967044885992,5,Evening,0,0.4080200912850811
5,Smart TV,YouTube Streaming,-46.641263544613544,53.33922652193783,9.452844329067403,0.04446276579139047,9.07776211205132,2,Morning,0,0.6874648040497281
5,Smartphone,Video Conference,-48.03044013381924,22.61885554916447,4.836674630859405,0.027774864008481573,4.518624039456427,5,Evening,0,0.24986746525792936
1,Laptop,YouTube Streaming,-54.37512703828122,31.624717141501392,10.04596110381991,0.044926815846563675,7.1534155166172,3,Afternoon,1,0.6402509149522763
4,Laptop,YouTube Streaming,-52.0809700136507,26.01706254167696,7.12185818769872,0.029644488774415313,7.857316605419311,3,Afternoon,1,0.877489241731488
1,Smartphone,Netflix Streaming,-55.90391031325169,29.902698448148666,4.186000844073842,0.09296496077013283,9.702491563458821,2,Afternoon,0,0.4181315997936227
5,Smartphone,YouTube Streaming,-45.097575002397136,26.846401097273798,6.657946506908751,0.012461338567832736,8.291555018334764,2,Morning,0,0.91101569997922
2,Laptop,Video Conference,-51.27940678835266,24.0611989046961,1.7587660926391273,0.017804654258321086,3.5988480074366076,5,Night,1,0.9931637389334784
5,Laptop,Video Conference,-41.039220446196836,16.71544699751263,1.464209731424982,0.03401922068812611,2.79993062755957,5,Afternoon,0,0.10609204994795207
4,Smart TV,Netflix Streaming,-49.59449877979989,27.1007397471174,6.477274435346267,0.044617043781269655,8.304098662045961,1,Afternoon,0,0.23305318798485863
5,Tablet,Netflix Streaming,-51.09870151701438,37.58521914719623,7.326420510054708,0.05539794872200807,8.084789973477582,1,Afternoon,0,0.9503797514820932
4,Smartphone,Video Conference,-51.584108806458985,24.651280781209753,2.2377174920026848,0.03699339133002018,1.48686122485819,5,Afternoon,1,0.9583276864813868
4,Laptop,Video Conference,-51.22099917596214,24.42496693040555,4.550249672772167,0.03945114222740671,4.397035385028994,5,Evening,0,0.0977072753867585
4,Laptop,Netflix Streaming,-49.44589452433099,29.968437679449863,5.052755980768746,0.016355379453018737,13.454719404818999,1,Night,0,0.014998500377136681
4,Laptop,Video Conference,-37.437962117108405,15.164658782639647,3.076238227681574,0.0070273563997771465,0.9455597780123552,5,Afternoon,0,0.16110002325642225
4,Tablet,Netflix Streaming,-51.694298350496794,42.91069702276109,6.653693796400605,0.06211063249102031,9.373724254572883,2,Night,0,0.9960127833822483
2,Laptop,Netflix Streaming,-51.53176730385655,49.897496073205815,6.370618212603232,0.030180005586115513,8.19661541677658,3,Evening,0,0.17999961661068686
1,Smartphone,Video Conference,-49.672030771584105,19.13056679205416,3.675696949394388,0.037400803834970124,2.5214616995770465,5,Morning,0,0.5025476067220231
3,Laptop,Video Conference,-44.548627468278696,19.15275381258316,3.4094505219256237,0.04182654453804518,3.5190622236049256,5,Evening,0,0.848417726430511
1,Smartphone,Netflix Streaming,-57.1049228053639,24.382189460399474,6.377297146447949,0.04386490184359845,8.842346453163895,1,Evening,0,0.02040161068820634
4,Smartphone,YouTube Streaming,-47.72453631545177,57.36299620848241,7.411259629386976,0.0038756935554182474,9.599612585640314,3,Evening,0,0.6044889822584595
2,Smart TV,YouTube Streaming,-54.08712588010581,48.84472438180388,4.93172600188647,0.049954833520467125,4.601162109804635,2,Night,0,0.2770254488696243
5,Laptop,Netflix Streaming,-47.233636555245255,34.57798605687957,5.2212960138415845,0.07647762421250892,7.559166145003583,1,Afternoon,1,0.8623349164397316
2,Laptop,Netflix Streaming,-52.46879971180228,54.314391511270564,9.756568187245348,0.026555759801241363,5.8416061102114085,3,Night,1,0.28346114926407917
4,Laptop,Netflix Streaming,-61.520511698786436,33.981366056343425,6.274486934400888,0.08067735696487674,12.326201885361224,3,Evening,0,0.6867557202819089
2,Tablet,Netflix Streaming,-48.15211198656257,42.24410471433529,5.89687838215198,0.02518067660508815,10.289100691488763,2,Afternoon,1,0.6742196324473969
2,Smart TV,YouTube Streaming,-48.19427614826566,35.101719017227204,4.312256788881449,0.08237463879508006,6.638064433429076,2,Evening,0,0.22149354885964
4,Smartphone,Video Conference,-52.89540154239715,19.151829404524225,4.642276057540439,0.026611143742809696,2.9874199364978877,5,Afternoon,1,0.03479919986835012
2,Smartphone,Netflix Streaming,-53.191719300715015,37.91761442533547,4.888148372978313,0.08661837088690295,8.38811013276751,1,Night,0,0.4092495737853973
3,Smartphone,YouTube Streaming,-56.55686362543826,30.750146266233504,6.969414678077084,0.04991864509333305,10.184844004588719,1,Evening,0,0.2891931519658697
3,Laptop,YouTube Streaming,-46.134500292305646,45.92498538085353,3.583629861366819,0.0296537589620262,4.529892789128141,3,Morning,0,0.8089777496137086
2,Tablet,Netflix Streaming,-45.58892108766596,42.159524176839014,8.636345600728234,0.026511325041514877,6.136450658013661,1,Afternoon,0,0.8003641884553453
5,Smartphone,Video Conference,-54.39525442587945,15.787997587316017,2.5429357939556523,0.024113700004077178,2.6210249310935065,5,Evening,1,0.4570239521926255
4,Smartphone,YouTube Streaming,-52.699672297694256,38.20227185499346,7.969040690956031,0.0999049498103645,9.733892331821174,1,Morning,0,0.6065122253232189
3,Smartphone,Video Conference,-50.31644560569482,22.75047528513847,3.09906907592341,0.00872949256235932,2.1675088217693683,5,Morning,0,0.6042595159869252
5,Laptop,YouTube Streaming,-38.64567359482227,52.093860665577026,8.67752428781846,0.010321664887899963,7.344126955244989,2,Afternoon,0,0.8271581484276234
2,Laptop,Video Conference,-47.27439126205534,17.100314820435372,2.4589161703221807,0.035588897249547474,1.1549919935665018,5,Afternoon,1,0.4250024141231975
5,Smart TV,Video Conference,-54.7170775750419,15.848724054814047,3.281221551476459,0.04491776375838327,3.7855911301653027,5,Afternoon,0,0.2754466797905091
1,Laptop,Video Conference,-48.48109845254747,21.911274695724593,2.1230695492163454,0.029134307327729144,3.0623873963801658,5,Afternoon,0,0.26503491814054747
3,Smartphone,Netflix Streaming,-56.88345770319041,38.57421716217619,6.193264653307021,0.06669354175572172,10.73937032472057,3,Morning,1,0.5361922792822041
2,Laptop,Netflix Streaming,-46.41004845041915,44.154170212302745,5.989902697639421,0.026714406987064933,10.924971416959188,2,Evening,0,0.44914820273221256
4,Smartphone,YouTube Streaming,-41.62226303227757,45.73377922316499,9.547348495809388,0.09106649953838886,8.359164918926357,3,Evening,0,0.4401207709849362
2,Laptop,Netflix Streaming,-41.60104157458021,32.75166496952752,11.023651992885252,0.04356720661222904,8.50431101133524,2,Afternoon,1,0.09113733908970723
4,Smartphone,YouTube Streaming,-46.325532482628304,51.25467341955647,4.261726925301071,0.012908619514246178,10.522027953160016,1,Afternoon,0,0.7186037406901956
2,Smart TV,YouTube Streaming,-52.91706177934065,32.33096445838735,5.622335211350819,0.07422987567339444,8.31330711320748,1,Evening,0,0.2137366879819107
5,Laptop,Netflix Streaming,-56.50450878257063,38.36749048880788,7.285496672089914,0.06431043526178502,7.161844188112709,2,Morning,0,0.19695363020872136
5,Smartphone,YouTube Streaming,-57.00102521684555,31.123218163957684,6.222567018125545,0.031574340248403714,8.078678253554926,2,Morning,1,0.41275832027739345
5,Smartphone,Netflix Streaming,-64.03108554749272,28.2652647734921,7.7987974985570325,0.062151872403404855,10.786337274334945,2,Morning,0,0.22777834161780142
1,Smartphone,Video Conference,-46.53072118496039,18.568040632516116,3.3023113051476427,0.013981815924660313,3.8664175854545544,5,Night,1,0.5838582673080154
4,Tablet,Netflix Streaming,-50.514177601122,66.21896897426045,8.498731884540081,0.044483935934052955,6.661234930692895,1,Evening,1,0.3714633393344715
5,Smart TV,Video Conference,-45.45391916773436,9.176428748447947,2.6032550210056264,0.03640061288980987,2.9696458781363506,5,Evening,0,0.4489117225927901
1,Laptop,Netflix Streaming,-42.85984257382606,47.15321574678079,10.318191041839446,0.013353423316074942,9.312446275071528,3,Evening,1,0.5371693216040289
4,Laptop,YouTube Streaming,-49.50047228048795,31.740886872998058,3.822105434167781,0.0386696449987462,9.072506989811398,1,Evening,0,0.20353552248180484
2,Laptop,Netflix Streaming,-49.27019195143425,34.895150231439956,9.96021758390923,0.08211424247203473,9.10564789614322,3,Afternoon,0,0.1557516228655298
1,Smartphone,Video Conference,-52.32160172248733,21.962325705632942,1.432292206174229,0.019277678220065694,3.7081644548002397,5,Evening,1,0.8804219028736048
3,Laptop,YouTube Streaming,-51.73042208586204,24.26464714924694,8.570250441351254,0.04539261364217959,9.540207133116914,3,Morning,1,0.43372370283142103
1,Smartphone,Netflix Streaming,-46.35765043763533,21.618409313768773,4.940667543441113,0.05069996201433474,8.056931878424578,2,Evening,0,0.41209360963253916
1,Smartphone,YouTube Streaming,-50.87187515182655,34.12801351236851,5.183007216213444,0.05721719617837698,6.57641766506109,2,Evening,0,0.03561215027284148
4,Smartphone,Netflix Streaming,-51.59503833376412,41.636560279376745,8.324234582964054,0.0932348141633711,9.524303427304066,2,Evening,0,0.4979763025873932
2,Smart TV,Netflix Streaming,-50.091584297214254,39.63666571680882,3.1425399545003088,0.08582067909770298,7.0927223021664725,1,Afternoon,0,0.5541697216110001
3,Laptop,YouTube Streaming,-45.56834901969205,38.60679175692996,8.978884156576624,0.017060112462164434,4.851405302888894,1,Afternoon,0,0.5588408709546665
5,Laptop,Netflix Streaming,-53.46330778915051,35.34131981511578,9.519927004683176,0.043675781784707504,5.9987952377793565,3,Evening,0,0.7070311693228843
5,Smart TV,YouTube Streaming,-50.33264258776016,42.86540026983919,7.35556970765792,0.046400042819642634,7.636726133905834,3,Evening,0,0.17748183499101178
1,Smartphone,Netflix Streaming,-48.77361081110785,5.863275579550276,7.2835220711571145,0.07890961116487567,9.156604564222558,3,Night,0,0.2522231342306188
4,Smartphone,Video Conference,-44.19889048207381,15.959032074747892,1.934465310103056,0.03623481271309122,4.264468490678105,5,Afternoon,0,0.8107304652304127
4,Smartphone,YouTube Streaming,-51.1964838839971,34.063875907165524,8.348898804807337,0.0654220462029013,7.518675079124931,3,Evening,1,0.947170616843394
5,Laptop,Netflix Streaming,-53.58911693025861,42.045347991025096,7.695330492814852,0.09981999076656177,5.566785536673883,2,Evening,1,0.13593274736732064
3,Smart TV,Netflix Streaming,-52.42180472136178,49.89765140068566,5.156989207952354,0.007496004347001307,9.964065832479623,3,Night,0,0.4976495545052182
2,Smart TV,YouTube Streaming,-44.7347128349231,26.1490029183286,6.217040099823616,0.0223009823533733,11.434662227911103,2,Evening,0,0.21417625273958685
3,Smartphone,Netflix Streaming,-39.83347350698268,49.570786255365675,6.681329150608393,0.040789593737154684,11.218565048976641,1,Evening,0,0.06007316835498244
2,Laptop,YouTube Streaming,-56.56878906843016,30.474383307986372,6.2143956069616255,0.03477824030488872,9.929959100972276,2,Evening,0,0.3255033381261354
5,Smartphone,Video Conference,-55.47650807534929,20.506783557732756,2.826720708226103,0.031175959758707725,4.754811875599614,5,Evening,0,0.14368762518421274
2,Smartphone,YouTube Streaming,-50.84398393351073,40.81432518797614,8.39804061716779,0.009177760647117584,3.8562409511935947,2,Night,1,0.7099330734342463
4,Laptop,YouTube Streaming,-49.44521951965978,32.96763920693227,6.512979088196211,0.06809532914035762,8.35434646444021,1,Morning,0,0.5337254136714444
1,Tablet,YouTube Streaming,-46.06515217222503,46.10117606666318,7.030729551786619,0.08793244633625608,7.007814752680184,1,Morning,0,0.14383447099031088
1,Laptop,Video Conference,-54.45566504300743,20.411649433585435,2.75830154858351,0.016863344802711316,2.91994225146591,5,Night,0,0.009241588405514367
5,Tablet,Netflix Streaming,-55.31554518324732,31.10465008719666,7.95054294794398,0.0539191079513633,2.9248042486373427,1,Evening,0,0.8081570490242127
4,Smartphone,Netflix Streaming,-49.30956423433185,45.519799542093324,7.397392368762807,0.02550934328323794,8.385935405540357,3,Evening,0,0.17619440616424753
